voltaggioEffettivo,media,erroreMedia
49.99753,0.7921779186277423,0.06281521896904352
49.99738,0.7662330418342352,0.012594960984316863
49.99755,0.7535670389901596,0.03370791079471513
49.99749,0.7807376579943844,0.05240993654219181
49.99196,0.8028010177872893,0.04636266280437185
49.99415,0.7623515248336319,0.004362448500213465
49.99451,0.9214937218583761,0.11472336678567772
49.99428,0.7772647217306874,0.019304088644732202
49.99434,1.1071936667819864,0.14106749194232276
49.9941,0.9931996411853145,0.1688056642433764
49.99434,0.8655181609023046,0.06138951065760591
49.99418,1.53599915016445,0.05967412232181366
49.99435,0.9848237360787491,0.03655656130177342
49.99435,1.5603097040103344,0.1601516619937718
49.99449,1.811586857207299,0.22037089057184125
49.99458,2.0751214325114344,0.15346327287996595
49.99446,1.679819569555233,0.27198322322337914
49.99467,1.104333601623647,0.04524743432004462
49.99459,1.4718519744702654,0.08544345445423665
49.99451,1.3392675253443866,0.17923566565686588
49.99466,1.6211882338092742,0.09449086560094952
49.9946,1.6516274987087434,0.08181032204726485
49.99456,1.1131180874671176,0.09718833818665568
49.99465,0.9907481567638815,0.02225171355827689
49.99466,1.2879906428627295,0.28255869006872686
49.99485,1.0254775194008598,0.19068336485895626
49.99482,0.8702168393767191,0.07042656751499192
49.9947,1.4236394475154,0.049674495903260535
49.99471,0.9574488267060719,0.0802476386936459
49.99468,1.334568846869972,0.24351968912951888
49.99471,0.9876838012370885,0.0758819792143246
49.99453,0.828541604212344,0.04810853835089311
49.9947,0.9811465094465984,0.09502664812283983
49.99469,0.8518307062159653,0.049336864158297154
49.99465,1.2083173991661311,0.1653880368217234
49.99471,1.1558147744737564,0.09991532619536155
49.99467,0.8034138888926476,0.06376641690006318
49.99471,1.1635778084749642,0.1318893302614436
49.99483,1.1541804515261345,0.16368286909928664
49.99469,0.9037204598029809,0.09240611386631017
49.99498,0.8555079328481165,0.06829656481166657
49.99485,0.9366112091238846,0.09879483063251455
49.99496,1.486152300261962,0.07373976803481358
49.9947,1.4749163299970574,0.048997331776947206
49.9949,1.013015806925238,0.10609831643797163
49.99488,1.4763463625762276,0.11053619294927211
49.99498,1.2785932859138995,0.18778330219002054
49.99494,1.6677664378165167,0.22913330124705833
49.99502,1.4379397733070975,0.23509596780260858
49.99484,1.330483039500916,0.2503694110570736
49.99479,1.305968195286577,0.06201449407807665
49.99508,1.3946302151951,0.1396457293899465
49.99498,2.135387091205015,0.10811362071540682
49.99497,1.4581645197839261,0.13204239654635938
49.99483,2.1739979708425965,0.3046185185672579
49.99487,1.7106674151916077,0.32446816105958926
49.99493,1.4679704574696615,0.15822101098966368
49.99489,1.9956524791832873,0.3452280565897044
49.99508,3.4561243232524763,0.12100199749562515
49.99516,3.5786985443241663,0.17547864840091712
49.99503,3.6309968786480873,0.19958865801029352
49.99509,3.319658357125994,0.2094712589050091
49.99496,3.7431522909286845,0.2034519769024389
49.99481,3.0875844985635936,0.14708906528602833
49.99498,3.5515279253199386,0.08685800888914073
49.99487,2.9619459219651114,0.09983614081341513
49.99477,3.536819018791339,0.20554179765826358
49.99484,3.71679883339827,0.07396891315710422
49.99488,3.442028287829232,0.19721428659023055
49.99512,3.113937956094008,0.16228539358996577
49.99508,3.2632742154330163,0.07853895324088872
49.99509,3.1100564390934062,0.10374652592893584
49.99524,3.261435602116943,0.1892096101771881
49.99522,3.5366147284228844,0.05575143667710551
49.99508,3.502498236891265,0.09626586167396958
49.99516,3.2040300085816993,0.07351615350530159
49.99505,2.901680263271531,0.07877771433186437
49.99508,3.509444109418661,0.09067938370134487
49.99495,3.114346536830915,0.20933025082971185
49.99499,3.547442117950885,0.07988484847481044
49.9952,3.3027022565444097,0.24959576547016638
49.99518,3.403621698560103,0.09762450836104623
49.99543,3.2773702508562605,0.10119056896274597
49.99508,2.8038251767826328,0.06169061762782841
49.99535,2.992589477233034,0.10002407765980312
49.9952,3.10392772803982,0.18265432647841842
49.99533,3.0849287237737086,0.13945732034569028
49.99526,2.8761439672149285,0.11822836256021078
49.99533,2.9182277831162087,0.0891813452672881
49.99532,3.4019873756124808,0.05852446637913536
49.99522,2.914346266115606,0.129835489651386
49.99526,3.1899339731584564,0.17557197290572082
49.99536,3.377472531398142,0.11643278597541605
49.99542,2.8072981130463286,0.15432998216907318
49.99539,3.279413154540789,0.11993584624333947
49.9954,3.3494847509201056,0.07779038169951787
49.99538,3.2213946899001895,0.10572396652202849
49.99532,2.7206789968223357,0.07036135167776605
49.99528,3.1327326699916664,0.21814815811220745
49.99522,3.1409042847297792,0.06536940656989224
49.99528,2.98932083133779,0.13760878512444863
49.99512,2.968483213755601,0.1602841192427961
49.99505,3.0691983654028414,0.07922674433703031
49.99509,2.6657248877085276,0.08468199248637612
49.99526,2.7537740365116914,0.13073051313430323
49.99519,2.6863582149222616,0.23522365973935455
49.99526,2.5979004853821936,0.22503685260188677
49.99525,3.0436620693462397,0.05739250582755738
49.99525,2.7357964840878437,0.17618738548754886
49.99532,2.632425557650717,0.18666998182638694
49.99534,2.8510162518952327,0.14695508057612355
49.99528,2.8307915054184036,0.20993069510206167
49.99522,2.516184338001064,0.09464201948366703
49.99525,3.0536722974004245,0.11867916598543747
49.99529,2.7660314586188606,0.19317963404181035
49.99509,3.117410892357707,0.14526812158108451
49.99515,2.5161843380010636,0.2442035658102501
49.9952,2.9409040140144724,0.15904448003830268
49.99507,2.8777782901625515,0.13971146316925073
49.99517,2.3917715036133003,0.18902147805934055
49.9953,2.8951429714810413,0.0225794003355681
49.99511,2.602190583119701,0.25839816471621657
49.99505,2.823641342522554,0.27000479218441026
49.99529,2.769300104514105,0.08409619903131405
49.99535,2.335795942657229,0.21801716510963734
49.99535,2.4640902940455964,0.18340406051288577
49.99524,2.4557143889390303,0.15911334724604717
49.99517,2.7664400393557655,0.1849020828032751
49.99533,2.5666440590089104,0.09490161690861945
49.99529,2.1929969751087084,0.1794815003208392
49.99553,2.635081332440604,0.0645457350813848
49.99521,2.393610116929376,0.03099630917427169
49.99524,2.427930898829448,0.10737766842576248
49.99532,2.671036437288302,0.1104470517575153
49.99542,2.486153653838502,0.11251263063500189
49.99538,2.768074362303389,0.24595270787381834
49.99538,2.2822718661225903,0.26068571705676535
49.99539,2.0767557554590557,0.053630015548651426
49.99546,2.495755301155784,0.13531380397930853
49.99559,2.17195506715807,0.2610089091930691
49.99541,2.0211887752398896,0.08499559640729634
49.99556,1.887378583903294,0.10914249978290101
49.99545,1.8763469040068428,0.17550778048422838
49.99541,2.1686864212628234,0.15233213756181913
49.9955,1.761944297673265,0.08430264275532247
49.99531,2.45775729262356,0.13897467010952508
49.99553,2.444478418674127,0.21596071996075134
49.99545,2.037940585453021,0.17638624905796246
49.99538,1.8743040003223146,0.11399860190195639
49.99532,2.4371239654098247,0.0866017690783024
49.99561,2.409136184931788,0.07524128256955948
49.99527,1.7382466149327382,0.11146936924987287
49.99543,1.8575521901091838,0.05289858366942242
49.99545,2.4757348450474086,0.061329656261577235
49.99534,1.864293772268127,0.14327674549408778
49.99524,2.375019693400169,0.03607099216180924
49.99543,2.2166946578492355,0.18926386338730272
49.99552,2.3758368548739806,0.1556102681118698
49.99534,1.773588848675076,0.11255565054267752
49.99548,2.470219005099182,0.15705080342217506
49.9955,1.9325267553313679,0.09239346700288617
49.99532,2.0363062625053976,0.18606400701193632
49.99543,2.423232220355033,0.04441894646750333
49.99547,1.8626594493205035,0.0775292041610387
49.99543,1.8322201844210344,0.12027568334034497
49.99538,1.5492780241138828,0.1125267251747827
49.99545,1.9472356618599698,0.18987534183070517
49.99538,1.605253585069954,0.061424512028249265
49.99556,1.942945564122461,0.12244834762237791
49.99575,1.8428432835805806,0.17393750339147493
49.99554,2.4391668690943535,0.0747501780183048
49.99561,2.4171035093014486,0.1572181299799748
49.99567,1.9956524791832873,0.15802160423981992
49.99566,2.0126085797648723,0.18699388311794363
49.99558,2.1735893901056915,0.15708906520597743
49.99557,2.110872246990676,0.27573365499062086
49.99549,2.273691670647572,0.17828405356064056
49.9955,1.6620463074998377,0.09990112341215075
49.99556,2.3096467754952683,0.10065442636474597
49.9955,1.8606165456359756,0.17554760632462457
49.99548,1.520881662898941,0.09155513948112982
49.99559,1.8837013572711439,0.16940353065355784
49.99551,2.148870255522898,0.015591785683271046
49.9955,2.281454704648778,0.14847623847446562
49.99546,1.729053548352361,0.11092045216566183
49.99564,1.6779809562391574,0.12619788449736993
49.99556,1.880841292112806,0.031103837563391055
49.9957,2.521700177949292,0.07883067414580047
49.99567,2.395244439876997,0.1296381351087288
49.99568,2.086561693144791,0.22829391546351696
49.99555,2.147031642206825,0.1768314583399428
49.99563,2.344989009237604,0.12495575319151238
49.99575,2.085948822039432,0.09006425359091097
49.99559,2.11189369883294,0.2690019365187089
49.99556,1.754589844408963,0.16296238978041716
49.99557,1.5227202762150163,0.10101533848932412
49.9955,1.5723628357490498,0.12983950761182658
49.99562,1.515365822950715,0.059533732609900504
49.99577,1.681453892502855,0.17035673259932319
49.99583,1.6191453301247465,0.1564224017129184
49.99579,1.8005551773108475,0.12943048417407213
49.99576,1.9742019904957424,0.17994955111692773
49.9958,1.7321179038791539,0.16961330100850483
49.99566,2.026908905556569,0.11898331264358064
49.99569,1.9784920882332502,0.24834256799755944
49.99571,1.6914641205570444,0.11733881077805494
49.99576,2.2469296323802523,0.07431369283705747
49.9956,2.297797934125004,0.08545688567680508
49.99562,1.8070924691013375,0.16721837420665023
49.9957,2.1204738943079593,0.22553545649543555
49.99572,2.3084210332845507,0.08424693051225697
49.99566,2.3290543604982856,0.06293370297492609
49.99551,1.5641912210109383,0.04617188306424168
49.99555,2.0536709438238874,0.22681466384853516
49.99563,1.6855396998719117,0.09586443901078465
49.99556,2.205050106847424,0.10997578795090278
49.99576,1.4475414206243793,0.06614592784525994
49.99565,1.7261934831940215,0.17791615230898986
49.9957,1.9427412737540082,0.15895891198994452
49.99557,1.6622505978682902,0.21464113446519806
49.9956,1.6632720497105544,0.06906585739299279
49.99573,2.024661711503589,0.026839898429124584
49.99559,1.602393519911614,0.08398297288496867
49.99562,1.827521505946619,0.11606785644789329
49.99556,1.4886037846833964,0.13079386714426364
49.99547,2.276551735805911,0.12867050099659486
49.9957,1.9247637213301598,0.1359131400479131
49.99552,2.294529288229759,0.15853985600102632
49.99554,1.7364080016166623,0.07378927386070773
49.99548,1.73252648461606,0.12025069740803342
49.99551,2.139677188942524,0.16245901746585995
49.99558,2.132322735678222,0.16142352206188773
49.99565,2.429973802513977,0.06971332120602695
49.99545,1.682883925082025,0.04355938236787314
49.99561,1.8150597934709976,0.1358752118772477
49.99562,1.9008617482211798,0.18248619523516119
49.99574,2.0479508135072093,0.0779760574235709
49.99566,1.9521386307028372,0.22961146870219015
49.99558,1.5413106997442236,0.19375829503323247
49.99541,1.5108714348447532,0.12523449483455343
49.99563,1.7776746560441323,0.1510555641711678
49.99561,1.950504307755215,0.23272824766726505
49.9956,1.5739971586966737,0.13266752426597786
49.99546,1.9006574578527275,0.1258833205702425
49.99545,1.4420255806761542,0.0416797413259449
49.99568,1.9071947496432176,0.2484322077537974
49.9954,1.4383483540440027,0.10184668843621499
49.9955,1.5161829844245258,0.08092477603488461
49.99553,1.787480593729867,0.1163494180565089
49.99563,2.033854778083965,0.12002054799998653
49.99562,2.026704615188116,0.15371014217941628
49.9956,1.858369351582995,0.17997749574558658
49.99559,1.5170001458983373,0.09775587646705008
49.99558,1.5429450226918453,0.05503303458703642
49.99559,2.005458416869023,0.03768091404803605
49.99567,1.5707285128014281,0.1253392585399165
49.99573,1.8330373458948457,0.2122171848032296
49.99565,1.9795135400755155,0.042502217155694536
49.99545,1.7938135951519039,0.23458557243611147
49.99537,1.4546915835202279,0.024362001181599143
49.99564,1.859595093793712,0.18446967795378208
49.99559,1.9835993474445714,0.11604052588687776
49.99567,2.030790422557172,0.11506481586205686
49.99572,1.9268066250146885,0.11928808328042668
49.99554,1.483496525472075,0.13265918763307677
49.99551,1.4847222676827927,0.051610718029383634
49.99562,1.8295644096311472,0.14627190381221683
49.99559,1.807705340206696,0.1780171078969182
49.99558,1.3643952406640827,0.09991971194100266
49.99559,1.5625568980633153,0.10437318681338421
49.99551,1.8898300683247287,0.21093423249680776
49.99576,2.017920129344644,0.15510523400708226
49.99546,1.6250697508098777,0.16762133661164572
49.99547,1.7078073500332687,0.1477605558122387
49.99561,1.9094419436961987,0.14578390288624418
49.99562,1.384007116035555,0.1149283579638978
49.99566,1.795856498836432,0.1922003263027786
49.99554,1.3163870040776708,0.09542787759880594
49.99543,2.004232674658306,0.06248781214697098
49.99557,1.6101565539128224,0.18550600377851242
49.99562,1.5882974844883704,0.09801446525193398
49.99556,1.6679707281849685,0.20157663061728007
49.99548,1.6628634689736483,0.16766552494288392
49.99562,1.4863565906304148,0.03653086529568356
49.99569,2.002394061342231,0.08966369202820898
49.99564,2.0998405670942244,0.049252624179838306
49.99568,1.9308924323837455,0.1677093283559594
49.99575,1.6448859165498009,0.18222380228062943
49.99575,1.5349776983221848,0.11217383039167493
49.99549,1.50555988526498,0.05225362669649521
49.99594,1.9932009947618534,0.039126272488505386
49.99563,1.7439667452494174,0.1443830037730447
49.9957,2.02118877523989,0.21232443553421562
49.99563,1.477163524050038,0.08974394736962085
49.99577,1.7876848840983208,0.1544658105333412
49.99543,1.8526492212663161,0.15628213186640494
49.99535,1.8383488954746183,0.16261628819220325
49.99543,2.0375320047161147,0.0331932559801578
49.99532,1.562761188431769,0.051302514109740655
49.9955,1.512505757792375,0.044241955344868605
49.99569,1.9390640471218568,0.16596577697190826
49.99563,2.0773686265644153,0.15307129822476462
49.9955,1.6994314449267027,0.2243127781491051
49.99562,1.8994317156420113,0.1349374612095795
49.99581,1.7619442976732649,0.1757002873902632
49.99565,1.681249602134403,0.14470104699830177
49.99564,1.6025978102800666,0.054300133986429945
49.99569,1.9817607341284953,0.19001211791845615
49.99577,2.157246160629465,0.09749253516306423
49.9958,1.947644242596876,0.1268575747449948
49.99569,2.153568933997315,0.11350458175751404
49.99556,2.1643963235253145,0.09700007015263847
49.99566,2.0579610415613967,0.13272586603460654
49.99582,1.708011640401721,0.16663896606600404
49.99572,1.8481548331603541,0.15545423202601666
49.99582,2.106990729990073,0.046135260774943156
49.99571,1.876755484743749,0.14737267036515755
49.99575,1.5725671261175038,0.21874185503659885
49.99563,1.8626594493205038,0.07240760797333709
49.99579,1.6066836176491248,0.1282821519408065
49.99549,1.7274192254047394,0.22495662835132765
49.99554,1.4965711090530562,0.09271632341212449
49.99569,2.0203716137660788,0.1436560806853839
49.99556,1.7239462891410404,0.14111201006237759
49.99569,1.5178173073721493,0.05500838254126496
49.99559,1.4195536401463442,0.058186903555525166
49.99585,1.8941201660622378,0.1543732439699054
49.99571,1.9697076023897788,0.14574882975467937
49.9958,1.9827821859707604,0.1684195370797652
49.99569,1.6097479731759168,0.1963743756908457
49.99567,1.956224438071894,0.21540537649352554
49.99561,1.6303813003896508,0.15656974305566798
49.99559,1.54764370116626,0.07765076636159214
49.99575,1.5319133427953935,0.06240895217850917
49.99577,1.63181133296882,0.16488953849677315
49.99561,1.8959587793783133,0.03417271679943328
49.99563,1.8015766291531112,0.20686102155532202
49.99596,1.8577564804776365,0.21523325870615895
49.99545,1.4890123654203025,0.08617204091108871
49.99558,1.8201670526823177,0.1460846128418708
49.99577,1.7789003982548492,0.09856962645264052
49.9958,1.4375311925701912,0.10664289884778928
49.99587,1.519860211056677,0.11518136640969431
49.99559,1.9711376349689498,0.11775084889772049
49.99597,1.679410988818327,0.20237340461735323
49.99583,1.453670131677964,0.15941404603969422
49.99578,1.7750188812542453,0.221013950051916
49.99605,1.5474394107978078,0.12080610364717434
49.99586,1.8322201844210342,0.2348561916993245
49.99592,1.926806625014689,0.039112936926018506
49.99597,1.6834967961873826,0.19555838907022988
49.99585,1.5895232266990873,0.10852049743527753
49.99584,1.939472627858763,0.029321183905792216
49.99585,1.5703199320645218,0.12930160217249922
49.99591,1.4998397549483007,0.10128270628754703
49.99586,2.0957547597251684,0.1107557175649305
49.99565,1.9584716321248756,0.12536855671560265
49.99584,1.7139360610868533,0.224187993441206
49.99585,1.9993297058154387,0.07377145559054757
49.99587,1.9402897893325741,0.06656982762609918
49.99579,1.6075007791229354,0.036729681169616016
49.99592,2.080841562828113,0.13378071413589065
49.99593,2.0424349735589833,0.0424530918507187
49.9959,1.7641914917262451,0.10937378938544991
49.99594,1.6575519193938748,0.16039070883842052
49.99583,1.4916681402101877,0.05063599608008199
49.99577,1.6068879080175766,0.05550385469043859
49.99572,1.9313010131206505,0.11422005857673587
49.99576,1.6704222126064023,0.22075282967273266
49.99585,1.460820294573813,0.07771120763015472
49.99585,1.9386554663849513,0.14110594695867507
49.99579,1.5770615142234659,0.238243564326994
49.99568,1.8164898260501665,0.10842719725510933
49.99584,1.4230265764100416,0.11306618344977853
49.99582,1.429359577832079,0.07027737140046175
49.99582,1.4845179773143395,0.03672740857456581
49.99579,1.9981039636047215,0.12159670946752964
49.99589,1.5022912393697345,0.07056155021582748
49.99585,1.6777766658707047,0.17575966052067327
49.99582,1.9073990400116707,0.09878046674313541
49.99566,2.3433546862899823,0.07357885676463814
49.99581,1.6203710723354627,0.025150127438306254
49.99587,1.7991251447316774,0.1337721348943918
49.99583,1.979717830443968,0.193369332162664
49.99563,2.0044369650267586,0.14006574352128057
49.99585,1.7754274619911505,0.10092047586853609
49.99585,1.6937113146100242,0.08595770639377495
49.99603,2.1355913815734673,0.11590665701092878
49.99583,1.6279298159682165,0.0970594268821839
49.99593,2.090034629408489,0.046666377573203986
49.99568,1.695754218294552,0.13503284288609638
49.99593,2.1039263744632795,0.08138990837717319
49.99586,2.0218016463452484,0.1742515412248135
49.9959,1.6912598301885904,0.07481742538631742
49.99579,1.9535686632820073,0.14727182000522654
49.99567,1.9805349919177793,0.2085912706900152
49.99575,1.5797172890133513,0.026185052954369247
49.99568,1.8826799054288799,0.17258800480128758
49.99564,2.155203256944938,0.14113256352429857
49.99578,2.1200653135710534,0.1328899032646317
49.99572,1.8743040003223141,0.08127804697346375
49.99581,1.6867654420826281,0.05899041363351847
49.99567,1.8600036745306179,0.054637267126290016
49.99575,2.0900346294084895,0.1172101635175111
49.9958,1.7353865497743999,0.1502678909641622
49.99573,2.2275220473772355,0.11431136889476122
49.99579,1.960923116546309,0.08634138534348527
49.99572,1.9345696590158954,0.12999739537427327
49.99597,1.9063775881694067,0.06364423725201683
49.99582,1.7165918358767402,0.10905528094477368
49.99582,1.8093396631543186,0.1588061661711457
49.99583,1.957858761019516,0.15184973309173014
49.99578,1.9306881420152917,0.10683839398503878
49.99566,1.8957544890098603,0.13464641649505063
49.99582,2.1776751974747475,0.18470425356568104
49.99564,1.9194521717503874,0.04090707399642718
49.99572,1.8618422878466923,0.09833563093145602
49.99595,1.9123020088545393,0.03297945161066852
49.99566,2.249993987907044,0.1383907046209518
49.99579,2.086357402776339,0.19439696537950932
49.99585,2.2299735317986684,0.12996400277280423
49.99584,2.1088293433061485,0.10287982634293312
49.9958,1.994835317709476,0.12850968400499554
49.9958,1.7936093047834518,0.07558854059173825
49.9959,2.289013448281533,0.21702224590176228
49.99578,1.7942221758888117,0.09939707936345549
49.99578,1.7889106263090366,0.08981367632979967
49.99594,2.388707148086507,0.07092995719446968
49.9959,1.8769597751122014,0.16618792320291345
49.99572,2.4644988747825027,0.1806439821168677
49.99583,2.1004534381995827,0.1534023436670736
49.99571,2.4918737841551795,0.07132162686070236
49.99565,2.2869705445970046,0.1799436369669595
49.99588,2.127419766835355,0.08546079254519522
49.9958,2.3478490743959446,0.09757918275509259
49.99573,1.9537729536504607,0.07402531340407655
49.99586,2.3809441140853003,0.24874221105337346
49.99567,2.1915669425295383,0.15542778563543286
49.99585,2.1012705996733936,0.16051243884769992
49.99583,2.5605153479553264,0.07396891315710478
49.99562,1.899023134905106,0.0497882075149438
49.99581,2.085540241302527,0.17706507507517705
49.9958,2.070014173300113,0.18663566006202703
49.99594,2.4489728067800884,0.0396470713427665
49.99571,2.4951424300504255,0.22137951015572968
49.99599,2.106582149253167,0.11545135392679923
49.99568,2.390954342139488,0.05643001434723745
49.99579,2.2358979524838007,0.11066599895773195
49.9957,2.3631708520299055,0.1649983382421509
49.99567,2.253671214539195,0.10861179621503042
49.99583,2.574407093010118,0.1642519971413923
49.99577,2.3829870177698282,0.05885867520023328
49.99577,1.950708598123667,0.16158644976689374
49.99575,2.4943252685766146,0.05113139388898259
49.99573,2.038553456558379,0.2073647873003618
49.99579,2.0681755599840383,0.08235208029807395
49.99567,2.3944272784031866,0.14895289750000537
49.99567,2.3192484228125494,0.21893113583000953
49.99578,2.3500962684489246,0.09381800239890926
49.99577,1.9494828559129507,0.04402872163251599
49.9959,2.5754285448523824,0.19132324720345814
49.99587,1.9697076023897804,0.09741802085602931
49.99576,2.3392688789209264,0.12897842926276526
49.99576,1.8371231532639023,0.04745036868574262
49.99579,2.487379396049219,0.06342089118132962
49.99594,2.2585741833820627,0.17462417575162528
49.99595,2.095754759725168,0.16600713778138182
49.99589,1.9112805570122735,0.0673712344009613
49.99606,2.115366635096639,0.12967676109304707
49.99579,2.229973531798669,0.19750938199817508
49.99596,2.0587782030352084,0.15961393571439772
49.99602,2.5840087403274,0.08963785546611547
49.99588,2.0025983517106836,0.10895956600786506
49.99581,2.172363647894975,0.11052467662873067
49.99585,2.4589830348342767,0.11082653637946274
49.99567,2.01179141829106,0.12385860702325482
49.99599,2.430382383250881,0.06810594788659684
49.99576,2.1625577102092386,0.12985477472766452
49.99582,2.3697081438203953,0.22933939210716975
49.99572,2.498206785577216,0.1751693122013573
49.99612,2.318022680601833,0.14386756675498327
49.99568,2.0064798687112866,0.16860033487493686
49.99605,2.4154691863538265,0.1341178327104768
49.99582,2.2808418335434197,0.1714955284187416
49.99596,2.05816533192985,0.08833970023756532
49.99583,2.4745091028366906,0.26943018625465154
49.99599,2.565418316798194,0.0946823598958455
49.9959,2.265724346277912,0.16712413076381308
49.99586,2.1735893901056915,0.2074512111185716
49.99579,2.320474165023269,0.01532177763396108
49.99593,2.0665412370364162,0.0184042833459834
49.99582,2.3235385205500583,0.16659375389648018
49.99573,1.990953800708872,0.02903224182803885
49.99579,2.142945834837768,0.19821261813431004
49.99593,2.347849074395944,0.1026036045859896
49.99593,1.9627617298623845,0.13634052066802105
49.99574,1.9255808828039718,0.045578275437859646
49.99564,1.866949547058013,0.09983614081341458
49.99572,2.1813524241068984,0.13701838927180635
49.9956,2.147644513312183,0.271328758721636
49.99576,2.240800921326667,0.17157046585378047
49.99569,2.1268068957299953,0.11819941305568045
49.9957,2.3206784553917204,0.06140412530628454
49.99581,2.2765517358059113,0.08032535183703877
49.99606,2.209340204584934,0.1684261036821747
49.99601,1.8079096305751485,0.15670070040600131
49.99585,1.9964696406570976,0.05280382430389588
49.99608,1.7981036928894134,0.03696244554652437
49.99611,1.7355908401428517,0.07469767745717035
49.99588,2.2600042159612324,0.06707105120966823
49.99599,1.939881208595668,0.10738291535215631
49.99603,1.9349782397528004,0.08443298932187787
49.99593,2.3803312429799415,0.0387269022210148
49.99593,1.9968782213940048,0.07399401657570956
49.99601,1.9082162014854815,0.09561160276591453
49.99577,1.9733848290219311,0.056961488886205475
49.99582,2.087787435355508,0.11469844485717788
49.9959,2.123333959466298,0.186922896261465
49.99594,2.29248638454523,0.15362798704421515
49.99581,2.426909446987185,0.12538569963150287
49.99588,2.1523431917865983,0.25958835561305393
49.99569,2.4283394795663527,0.06842995517646472
49.99575,2.469401843625371,0.07474459460506414
49.99582,2.1991256861622936,0.17465440618335157
49.99581,2.2583698930136102,0.12826913791786707
49.99576,2.2565312796975348,0.18155380557426287
49.99599,1.8238442793144687,0.03475579015897956
49.99592,2.2712401862261373,0.1480399144559808
49.9958,2.2426395346427435,0.0987261608159082
49.99588,2.229769241430216,0.14724631318921486
49.99578,1.8240485696829214,0.16324385594305965
49.99574,1.8032109521007342,0.12380417712093278
49.99576,2.2107702371641023,0.06183488463751911
49.99574,2.120882475044865,0.029003477091135356
49.99575,2.1190438617287897,0.07414051832446741
49.99572,2.378901210400772,0.15752218170212065
49.99587,2.1251725727823723,0.0504431765653579
49.9958,1.9266023346462358,0.1589112521431119
49.99592,2.1345699297312026,0.08398918441361045
49.99572,2.130279831993694,0.32737134753534153
49.99597,1.84427331615975,0.14656947702350634
49.99576,1.6771637947653462,0.07381189403654345
49.99571,2.090443210145394,0.0918464141670843
49.99568,1.7214948047196073,0.12662064699744288
49.99585,1.9063775881694067,0.14292385447203163
49.99582,1.8493805753710708,0.210267195294852
49.99586,1.5386549249543362,0.06516702649508482
49.99607,1.8724653870062393,0.13348089425005713
49.99606,1.6314027522319139,0.10977371438227938
49.9959,1.7460096489339452,0.16891255924416443
49.99587,1.567459866906184,0.07383026782637095
49.99577,1.7500954563030018,0.22598070157940003
49.99567,2.0314032936625295,0.04522160078421349
49.99572,1.6534661120248195,0.08853106438916179
49.99583,2.0908517908823008,0.03311079908286966
49.99597,1.938042595279593,0.09039727614023145
49.99591,1.957654470651064,0.09168723797291334
49.99592,2.0538752341923416,0.09147556070251119
49.99578,1.6430473032337252,0.1972591450008394
49.99573,1.9932009947618539,0.05881327761086212
49.99591,1.5981034221741057,0.12805421558880642
49.99586,1.8532620923716752,0.08672505116440458
49.99598,1.5944261955419554,0.19947665201303103
49.99572,1.52803182579479,0.05374195864950926
49.99569,1.9431498544909134,0.16255866132069116
49.99569,1.3308916202378205,0.08713145873034968
49.99574,1.6628634689736488,0.09711509458549977
49.99569,1.4311981911481546,0.12685033681381247
49.9957,1.4943239150000758,0.054130780032264944
49.99581,1.6054578754384072,0.2871224636794718
49.99584,1.8928944238515202,0.05520226663628216
49.99576,1.58462025785622,0.1200944175552721
49.99585,1.6160809745979539,0.10996838767478105
49.99581,1.9443755967016307,0.1585882853710664
49.99573,1.5468265396924488,0.11815615210736971
49.99579,1.9498914366498572,0.16520372354752033
49.99578,1.95806305138797,0.24674090569140125
49.99574,1.532321923532299,0.19610821970967762
49.99586,1.5098499830024894,0.10116829500936947
49.99575,1.456325906467851,0.081004415643105
49.99573,1.8559178671615606,0.04571222392751968
49.99585,1.4941196246316224,0.13061809192408955
49.9959,1.4783892662607558,0.14314925100769904
49.99601,1.8965716504836716,0.10583739634963887
49.9959,1.6779809562391574,0.1157805637885705
49.99577,1.846520510212731,0.04916781546572852
49.99576,1.6381443343908577,0.17555010256890455
49.99586,1.5041298526858102,0.1251666598289109
49.99581,1.4414127095707951,0.09266679569856867
49.99568,1.7253763217202107,0.06685509602119082
49.99578,1.6910555398201372,0.2160310517535523
49.99572,1.709033092243985,0.12132784171539027
49.99587,1.465314682679774,0.10422993900246436
49.99572,1.3137312292877852,0.04284305600369368
49.99556,1.7829862056239056,0.07133917949721408
49.99567,1.5517295085353164,0.10902217308415035
49.99572,1.739268066775002,0.10722812039774315
49.99572,1.5196559206882236,0.11317852350899564
49.99558,1.5621483173264092,0.10137434818407168
49.99556,1.38012559903495,0.07367380293290383
49.99566,1.4871737521042254,0.014594970602771429
49.99571,1.1989200422173014,0.1510402295135455
49.99557,1.5880931941199177,0.10332327461697094
49.99578,1.239165244802506,0.029403622803591087
49.99567,1.694324185715383,0.06701222335919314
49.99567,1.4763463625762272,0.09698113718042428
49.99593,1.7684815894637553,0.052950629037280754
49.99596,1.302699549391333,0.05081083826060195
49.99591,1.3500949148723864,0.08051347526880191
49.99603,1.8573478997407307,0.07379832276304887
49.99588,1.5607182847472405,0.127052186060999
49.99605,1.1601048722112661,0.05304669967845703
49.9959,1.5502994759561466,0.13209943474493765
49.99599,1.5919747111205205,0.04067841389513578
49.99594,1.4275209645160032,0.10390008104939205
49.99605,1.0550996228265186,0.04466863914322364
49.99598,1.5985120029110111,0.08166224802064015
49.99598,1.0614326242485552,0.08911744391681091
49.99588,1.2260906612215252,0.06739600870289528
49.9959,1.254078441699562,0.08612359562775998
49.99609,1.3364074601860467,0.10867709982159897
49.99582,1.153363290052323,0.07056036727967155
49.99593,1.4021889588278553,0.02451484421433789
49.99592,1.4191450594094384,0.17537361384445316
49.99599,1.0714428523027433,0.1089365819092241
